{
  "rows": 1205,
  "documents": 8,
  "non_empty_raw_pages": 1203,
  "non_empty_clean_pages": 1195,
  "error_pages": 0,
  "avg_clean_length": 1219.8215767634854,
  "avg_reduction": 140.6149377593361
}